PLAYER_ID,player_name,seasons,clutch_fga,clutch_fgm,clutch_fg3a,clutch_fg3m,clutch_pts,overall_fga,overall_fgm,clutch_misses,clutch_miss_rate,clutch_fg_pct,overall_fg_pct,fg_pct_diff
2544,LeBron James,8,646,301,272,80,861,9780,5065,345,0.5340557275541795,0.46594427244582043,0.5178936605316974,-0.05194938808587696
202681,Kyrie Irving,8,542,249,220,72,767,7725,3778,293,0.540590405904059,0.45940959409594095,0.48906148867313914,-0.02965189457719819
203081,Damian Lillard,8,598,241,282,85,852,9654,4291,357,0.596989966555184,0.40301003344481606,0.44447897244665424,-0.04146893900183818
